20.053,1267.7,5646.7
19.58,1444.4,10776
22.245,1600.2,26653
17.852,1535.2,7860.9
19.595,1545.3,14573
19.352,1707.3,19603
17.957,1708.2,13988
22.279,1326.7,14896
15.498,1610.3,1359.2
23.423,1513.9,27133
15.076,1769,3942.1
19.093,1632.7,15875
20.988,1323.4,10703
19.773,1576.8,16407
20.151,1412.1,11488
21.397,1372.3,14010
19.3,1383.2,7591.2
22.694,1287.2,14439
17.901,1654,11970
20.552,1403.6,12495
16.532,1775.9,10247
19.895,1554.8,16031
20.587,1401.3,12520
15.114,1770.2,4132.4
21.026,1407.8,14242
21.266,1641.4,24632
21.778,1595.9,24698
18.757,1611.1,13814
21.556,1398.5,15621
18.548,1628,13606
17.771,1680.3,12324
22.171,1382.2,16952
19.288,1430.1,9255.7
21.473,1432.6,16760
19.182,1595.7,14879
20.884,1570.6,20303
18.757,1577.4,12631
19.111,1562.1,13403
16.774,1615.1,6369.6
20.674,1709.8,25046
16.347,1540.5,2545
19.564,1414.8,9625.3
20.437,1564.5,18403
17.82,1512.8,7007.3
21.252,1564.6,21430
20.662,1300.8,8785.8
19.593,1597.5,16503
20.969,1196.8,5535.6
19.565,1468.1,11606
22.025,1347.4,14985
13.753,1886.6,1132.8
17.982,1664.7,12645
18.739,1597.2,13263
19.321,1630.8,16685
22.333,1599.2,26939
21.533,1424.1,16609
19.734,1394.1,9420.1
23.26,1311.7,17289
19.539,1540.4,14187
18.281,1745.4,16565
17.504,1520.2,6109.2
21.05,1386.1,13438
22.753,1456.3,22162
17.04,1536,4933
18.733,1581.5,12685
18.277,1535.9,9431.3
21.612,1274.4,10607
20.992,1553.9,20031
19.452,1565.6,14796
19.755,1612.6,17679
18.232,1654.9,13298
19.221,1981.5,29003
19.73,1513.4,13872
17.95,1351.6,2119.7
20.321,1254.3,5929.3
18.722,1799.5,20280
20.881,1448.9,15409
21.388,1352.2,13149
19.654,1461.6,11668
18.816,1574.7,12757
16.246,1443.7,-647.53
17.789,1880.1,18956
16.375,1606.7,4597.6
20.441,1480.1,15118
21.634,1437.8,17524
18.692,1441.5,7635.7
19.529,1664.4,18731
21.806,1475.7,19716
18.567,1664.2,14931
19.992,1634,19399
20.867,1639.8,23020
18.973,1697.2,17709
21.557,1515,20487
22.782,1518.5,25037
20.798,1481.9,16439
20.157,1391,10697
19.317,1502.5,11996
21.383,1325.9,12044
17.81,1308,236.55
20.389,1380.4,11050
20.463,1378.7,11224
18.115,1490.7,7322.8
21.66,1559.2,22713
21.56,1524.1,20881
20.843,1373.8,12268
17.934,1553.1,8750.4
18.918,1523.3,11311
19.143,1464.4,10001
16.175,1603.3,3737.8
19.517,1490.3,12257
20.37,1391.8,11431
17.591,1479.8,5117.2
20.367,1461.8,14146
18.702,1626.7,14150
20.751,1459.6,15388
19.388,1790.7,22802
16.005,1627.7,3789.6
21.323,1364.1,13430
19.376,1353.9,6766.1
19.156,1623.6,15790
22.803,1689.3,32750
22.211,1260.1,11795
23.74,1341.1,20160
13.55,1738,-3158.5
19.055,1767.8,20570
20.371,1618.2,20249
21.291,1419.1,15590
19.753,1552.2,15411
19.482,1191.7,1131.2
16.884,1563.6,5212.5
22.442,1396,18445
18.391,1503,8716.9
16.581,1775,10424
17.188,1738.6,11834
20.171,1684.3,22029
21.637,1384.8,15311
24.873,1012.5,7459
21.149,1540.4,20059
23.612,1248.4,15430
17.519,1342.7,449.82
20.169,1752,24624
19.359,1282.2,4093.6
19.397,1685,18963
19.725,1509.9,13725
20.346,1662,21859
24.581,1449.2,28118
19.976,1788.2,25200
21.829,1367.1,15189
22.737,1446.6,21670
17.938,1626.7,11211
20.281,1856.5,29135
19.338,1590.9,15295
20.247,1721.5,23767
19.732,1446.2,11363
21.659,1456.9,18411
19.143,1514.8,11816
22.261,1401.8,18099
19.079,1373.3,6509.1
23.373,1407.3,22044
22.85,1340.9,17323
18.877,1453.3,8687.1
17.834,1521,7326.2
22.164,1283,12645
21.914,1202.5,8453.6
20.952,1436.6,15153
22.171,1498.2,21964
21.193,1308.6,10739
19.999,1622.7,18999
19.176,1568.5,13876
16.379,1316.3,-3951.5
21.595,1463.4,18463
21.924,1384.4,16235
21.3,1576.6,22098
22.621,1374.9,18102
16.39,1825.1,11103
20.711,1383.5,12224
20.695,1393,12548
19.214,1684.7,18223
18.983,1516.6,11309
17.43,1688.8,11238
22.15,1307.1,13641
18.114,1666.9,13237
18.919,1729.1,18624
17.74,1568.9,8554.5
19.304,1572.1,14483
22.54,1366.4,17461
17.938,1595.1,10159
20.132,1724.4,23410
23.186,1340.1,18354
18.156,1592.6,10901
17.729,1845.2,17546
21.42,1299.4,11062
23.453,1401.6,22044
22.046,1451.9,19535
18.355,1381.6,4436.7
17.074,1532.1,4934.3
19.696,1500.2,13257
21.889,1265.5,11066
20.94,1376.7,12699
20.907,1647.5,23483
19.705,1614.2,17547
18.326,1387.6,4547.9
20.581,1329.2,9656.7
18.334,1670.6,14231
16.669,1260.2,-4740.5
20.442,1584.7,19212
21.91,1260.9,10930
17.924,1666,12457
22.56,1706,32514
18.157,1725.4,15379
20.825,1525.7,18287
18.131,1769,16741
20.971,1560.4,20215
21.725,1321,12910
22.919,1489.8,24239
22.317,1374.8,17108
18.573,1833.4,20825
18.798,1331.8,4136.1
16.945,1515.6,3959.4
20.428,1350.6,10014
21.696,1581.2,23773
22.509,1370.8,17558
18.681,1771.8,19141
18.055,1588.7,10387
17.672,1664.3,11408
20.659,1587.1,20125
18.612,1405.2,6100.4
14.383,1861.2,3319.3
20.169,1460.2,13399
20.46,1512.8,16463
14.192,1585.4,-4226.9
19.5,1527.2,13557
17.762,1878.9,18793
21.177,1380.4,13627
20.091,1624.4,19417
21.947,1336.5,14268
20.906,1446.2,15382
15.809,1614.4,2659.4
19.922,1315.6,7066.6
20.648,1464.3,15215
18.952,1381.2,6380.7
15.609,1774.9,6334.7
21.044,1576,21117
18.618,1392.4,5676.2
18.988,1312.1,4030.1
12.957,1747.4,-5400.4
18.55,1782.9,18979
21.086,1254,8188.2
20.783,1410.5,13539
25.335,1331.3,24727
23.718,1447.3,25066
16.972,1579.2,6019.5
17.717,1662.6,11530
16.682,1612.5,5940.9
21.03,1781.5,29391
21.481,1467.8,18251
20.532,1407.7,12588
19.94,1507.1,14385
15.151,1573.5,-941.91
22.59,1384.1,18406
23.779,1501.2,27809
21.573,1668.9,26978
20.998,1528.8,19038
20.188,1824.4,27490
23.215,1276,15518
21.974,1494.1,21092
19.426,1838.3,24707
18.27,1566.1,10428
21.995,1324,13884
19.119,1536.9,12527
23.447,1289.2,16829
19.703,1346.1,7521.5
21.271,1188.2,6038.4
20.472,1274.8,7183
19.655,1414.1,9905.4
22.337,1160.2,7817.3
19.884,1601.6,17758
22.782,1354,17691
20.287,1433.9,12789
21.333,1713,27848
18.329,1559.5,10422
17.765,1528.8,7333.5
18.233,1366.3,3521.9
21.388,1369.5,13862
17.535,1367.1,1289
18.011,1526.4,8144.7
18.841,1533.2,11385
18.955,1407.6,7328.6
24.422,1578.7,33857
21.978,1294.6,12572
20.556,1459.8,14721
20.326,1522.2,16350
21.263,1457.7,17081
21.628,1214.2,8131.5
20.434,1069.2,-972.45
15.859,1702,5327.9
20.566,1368.7,11168
23.244,1394.1,21009
19.341,1616.5,16243
22.716,1190.5,10204
21.332,1236,8178.6
19.003,1557.4,12839
21.652,1282.5,11068
16.057,1787,8569
20.766,1637.2,22523
22.628,1489.1,23184
17.553,1717.4,12653
21.011,1425,14886
18.842,1416.6,7271.3
20.02,1526.7,15419
24.446,1233.5,17175
17.745,1679.7,12197
19.69,1436.5,10859
21.873,1469.1,19671
21.056,1323.4,10917
19.406,1531.6,13380
18.059,1497.8,7360.4
21.114,1576.7,21410
18.324,1652.2,13567
18.286,1289.9,1096.2
17.398,1596.3,8157.4
19.714,1434.1,10849
18.16,1522.4,8548.1
17.866,1597.6,9968.6
20.705,1391.2,12513
21.308,1415.9,15511
21.347,1504.6,19302
19.658,1403.1,9504.2
17.787,1461.6,5208.3
18.26,1611.5,11934
23.556,1148.5,10623
23.234,1341.2,18558
21.75,1293.1,11814
18.141,1589,10721
20.47,1502.3,16086
21.024,1429,15089
18.934,1521.2,11296
18.804,1407.5,6821.4
18.804,1499.2,10055
22.393,1590.8,26800
18.824,1582,13042
23.679,1145.1,10799
25.173,1180.7,16637
18.297,1673.9,14196
22.783,948.91,-394.97
17.224,1672.9,9913.7
17.404,1633.1,9355.7
20.248,1478.3,14368
18.407,1372.1,4284.4
20.975,1664.4,24431
21.293,1339,12299
20.701,1474.9,15822
24.292,1539.2,31468
21.303,1469.6,17707
21.604,1644.9,26094
20.699,1592.4,20483
22.531,1416.3,19630
19.635,1379.5,8549.3
19.704,1674.8,19811
22.314,1682.1,30479
22.571,1368.6,17663
17.267,1734.8,12040
20.712,1464.9,15461
19.256,1521.1,12454
20.554,1472.8,15228
17.09,1780.7,12744
19.97,1590.2,17648
19.555,1289.6,4961.6
23.635,1178.3,12228
19.111,1364.1,6283.6
21.584,1408.9,16147
20.088,1444.7,12526
18.721,1581.4,12635
22.404,1519.4,23719
19.104,1620.3,15471
16.651,1578.9,4811.2
17.943,1529,7983.3
19.49,1705.9,20105
18.059,1904.6,20979
19.651,1598,16738
22.104,1423.5,18509
20.217,1636.8,20377
21.501,1453.1,17708
18.84,1586,13246
20.192,1455.2,13286
22.07,1501.6,21751
19.568,1408.5,9405.3
16.46,1655.2,6363.5
25.875,1076.2,13170
22.971,1259.7,14049
20.16,1520.8,15695
19.453,1341.4,6556.3
16.751,1451,1301
19.452,1597.7,15978
20.989,1449.6,15805
20.042,1415.3,11244
23.649,1288.3,17404
21.134,1509.5,18744
18.962,1364.6,5818.5
21.757,1503,20698
17.329,1468.2,3831.3
17.594,1585.3,8544.5
21.451,1446.6,17268
21.082,1527.9,19307
21.021,1392.8,13619
21.253,1566.8,21522
18.038,1798.3,17330
18.229,1634.6,12599
20.492,1448,14037
21.172,1640.2,24217
20.619,1591.7,20154
20.261,1470.6,14119
23.001,1346.1,18038
15.245,1808,5696.4
19.543,1273,4310.1
20.686,1700,24705
18.975,1392.4,6855.2
15.472,1728.7,4496.6
22.569,1397,18908
21.96,1490.8,20901
22.672,1169.3,9140.1
18.748,1643.6,14920
20.327,1336.3,9132.8
18.391,1483.3,8042.7
21.353,1453,17196
18.758,1626.9,14376
18.077,1645.9,12390
21.563,1430.7,16989
15.257,1614.6,555.02
17.735,1770,15110
21.999,1422.2,18099
19.988,1507.9,14586
16.145,1491.5,388.66
18.17,1601.1,11238
22.371,1417.5,19148
21.377,1578.4,22458
20.476,1350.4,10156
22.065,1421.5,18293
16.982,1575.9,5952.1
20.059,1688,21721
24.206,1148.1,12369
17.456,1580.2,7862.2
19.965,1520.9,15000
23.872,1498.8,28027
16.862,1510.5,3503.7
16.621,1599.1,5308.1
22.408,1661.8,29965
19.953,1463.9,12794
21.249,1625.1,23899
18.324,1570.1,10766
18.906,1371.1,5870.3
16.617,1632.2,6284.5
21.321,1527.7,20162
17.604,1360.1,1287.1
19.616,1388.7,8831
19.144,1800.4,22118
25.525,1378.5,27742
21.795,1268.6,10917
18.982,1415.9,7713.7
21.633,1573.8,23225
19.014,1491.8,10535
18.328,1597,11700
20.036,1401.8,10710
21.389,1364.9,13677
19.456,1400.7,8743.9
19.206,1631.6,16271
22.159,1446.4,19687
19.317,1494.9,11717
20.058,1449,12586
19.085,1438.5,8871.2
19.63,1491.1,12681
19.67,1529.3,14249
20.495,1329,9377.2
21.331,1581.5,22418
20.338,1466.2,14213
18.804,1603.3,13721
19.867,1761.3,23722
21.962,1266.5,11327
20.834,1347.9,11200
19.25,1486,11156
19.288,1612.6,15894
16.503,1814.5,11275
22.73,1327.6,16352
13.605,1781.8,-1930.1
20.997,1527,18961
24.132,1396.7,24067
18.386,1449.5,6865.4
19.188,1693.4,18437
19.666,1591.6,16557
22.826,1229,12238
19.661,1599.8,16846
21.095,1552.4,20349
21.493,1516.2,20307
18.733,1727.8,17818
21.114,1312.8,10664
19.669,1611.7,17316
21.145,1479.2,17550
17.267,1774.7,13302
16.817,1618.9,6653
21.488,1546.8,21563
19.454,1586.5,15572
17.88,1841.3,18076
18.498,1440.3,6932.6
17.746,1402.2,3118.6
20.841,1231.4,6557.9
20.981,1412.7,14286
18.637,1622,13738
17.969,1525.1,7948.8
21.67,1570.2,23209
18.778,1636.9,14805
15.36,1495.8,-2265.3
22.615,1421.2,20133
16.801,1703.8,9178.4
18.613,1545.1,10968
18.741,1442.3,7830.4
20.613,1586.7,19934
23.237,1457.6,23891
15.038,1899.2,7208.6
21.456,1397,15224
20.003,1594,17918
21.565,1394.7,15489
19.119,1429.4,8660.2
20.026,1387.4,10128
17.395,1682.1,10885
19.279,1581.7,14737
18.971,1680.1,17091
19.422,1362.3,7223.2
23.973,1288.5,18405
17.952,1365,2570.1
13.553,1824.9,-1166.7
22.661,1319.1,15758
15.924,1552.6,1343.4
15.241,1512,-2256.6
20.663,1512.8,17194
19.2,1328.5,5283.2
22.135,1318.7,14097
18.103,1732.5,15397
19.745,1666,19641
20.767,1431.2,14310
20.749,1787.8,28456
20.852,1381.1,12589
17.898,1550.4,8529.5
18.904,1248.3,1509.5
17.992,1660.3,12537
23.348,1496.7,26069
19.7,1483.4,12644
18.871,1600.4,13871
20.198,1341.1,8909.4
19.333,1501.7,12022
19.196,1566.5,13878
20.051,1463.4,13116
21.592,1402.3,15898
19.297,1711.1,19518
18.425,1542.6,10196
19.801,1806.5,25147
22.708,1542.6,25841
21.683,1436.8,17650
17.009,1748.2,11393
19.622,1484.1,12398
19.439,1747.1,21413
22.032,1579.2,24943
19.436,1543.4,13920
23.432,1303.7,17450
22.673,1440.5,21184
19.97,1716.8,22461
17.586,1541.3,7090.9
19.988,1555.6,16404
15.295,1492.4,-2590.2
19.873,1517.9,14553
21.118,1447.7,16173
20.543,1573,19128
20.144,1491.9,14527
18.518,1688.3,15571
20.975,1303,9841.9
19.734,1397.6,9553.3
18.695,1813,20638
20.561,1521.7,17177
20.056,1584.8,17771
23.244,1094.2,7290.3
21.129,1410.4,14687
22.377,1318.9,14858
21.269,1558.8,21252
17.775,1623.2,10466
22.444,1214.6,10494
19.644,1415.4,9914.5
15.034,1825.8,5260.8
18.561,1447.2,7390
16.431,1446,49.94
22.329,1413.8,18845
25.598,1375.1,27805
16.9,1539.6,4531.3
17.061,1438.4,1973.4
18.474,1449.9,7181.1
21.945,1345,14626
19.313,1254.3,2937.6
19.207,1816.8,22978
22.041,1443.4,19148
21.089,1592.4,21952
17.64,1511.2,6309.1
21.695,1228,8904.4
19.294,1646.3,17145
20.337,1638.2,20896
19.808,1440,11393
19.274,1416.3,8707.1
17.477,1682.9,11238
16.538,1353.8,-2337.1
20.222,1700,22836
20.013,1653.3,20215
22.966,1132.5,8294.3
18.981,1443.7,8700.7
21.212,1514.6,19233
23.396,1368.7,20340
19.636,1526.9,14037
23.521,1287,16952
21.106,1558.3,20631
21.372,1130.4,3933.3
13.638,1797.9,-1419.4
21.349,1223.9,7729.6
19.941,1582,17229
19.913,1678.3,20772
22.197,1491.2,21755
20.928,1374.8,12584
19.25,1589.3,14906
22.64,1587.4,27578
15.812,1717.4,5570
19.357,1461.2,10628
20.766,1442.7,14762
17.158,1633.7,8425
21.359,1576.9,22334
21.681,1366.3,14679
21.63,1452.8,18142
23.466,1238.7,14551
21.298,1460.9,17330
17.733,1775.7,15290
19.556,1551.7,14666
18.071,1426.6,5018.7
20.058,1411,11135
20.609,1615.9,21072
20.622,1508.4,16873
17.064,1796.2,13116
17.545,1601.9,8895.6
19.187,1608.8,15373
18.914,1601.2,14063
18.206,1547.4,9559.4
21.663,1336.8,13381
19.811,1710.9,21589
19.865,1496.8,13727
15.1,1978.1,9571.9
16.968,1616,7141.5
18.875,1769.9,19887
16.172,1554.7,2317.3
19.724,1574.4,16134
18.003,1762.9,15998
21.902,1414.7,17456
19.156,1394,7507.2
21.403,1171.7,5724.9
19.296,1267.1,3351.7
21.42,1408.5,15582
19.189,1436.9,9165.6
23.37,1301.2,17147
25.124,1388.8,26949
19.564,1471.8,11737
19.403,1690.1,19177
20.894,1523.4,18446
21.178,1409.8,14828
21.208,1567.9,21398
21.137,1754.9,28759
16.439,1630.3,5542.5
19.161,1466.3,10135
15.707,1407,-3514.5
17.156,1492,3978.4
18.443,1459.1,7392.7
23.455,1469.6,25197
20.337,1397.3,11534
23.043,1414.3,21262
19.014,1433.2,8439.5
23.714,1283.4,17374
22.767,1420.6,20616
16.555,1475.7,1365.5
17.739,1721.8,13556
21.292,1440.7,16479
19.474,1493.8,12229
20.109,1289.6,6652.3
17.292,1581.7,7296.1
25.413,1275.8,22151
19.82,1356.1,8273.2
19.153,1557.3,13387
20.112,1503.4,14858
19.536,1618.2,17052
19.891,1557.5,16114
20.281,1543.7,17020
15.471,1676.6,3069.7
21.475,1445.1,17287
18.724,1535.2,11032
21.562,1483.1,19171
22.991,1315.1,16607
21.115,1556.8,20603
19.429,1579.7,15228
21.143,1425.4,15350
23.072,1248.7,13850
18.134,1734.7,15598
22.428,1442.4,20430
21.461,1418,16115
21.928,1441,18663
18.091,1541.8,8950.9
20.351,1504.1,15738
23.291,1329.5,18203
22.453,1478.7,22107
19.269,1585.7,14846
22.928,1261.5,13999
19.485,1538.9,13933
19.834,1522.5,14586
19.648,1521.5,13881
21.689,1510,20751
17.024,1634.7,7935.5
20.131,1671.7,21388
20.036,1596,18120
20.052,1513.5,15031
19.599,1399.6,9176.3
23.245,1514.8,26535
16.323,1625.9,4964.5
19.9,1356.4,8539.8
20.834,1487.9,16808
18.777,1253.6,1319.6
21.856,1333.9,13869
20.443,1645.8,21606
19.45,1490.4,12023
18.498,1596.7,12332
22.447,1409.5,19052
20.598,1408.2,12828
22.357,1377.5,17354
18.303,1426.3,5790.2
17.612,1606.4,9296
17.484,1765.6,13919
21.956,1349.6,14856
20.394,1270.1,6761.6
18.771,1625.3,14371
19.828,1529.7,14838
18,1583.9,10022
22.56,1233.4,11659
16.583,1680.1,7589.4
20.517,1475.2,15191
23.147,1260.7,14618
20.06,1326.7,7920.6
23.378,1368.6,20274
20.777,1645.8,22908
19.499,1494.9,12360
16.643,1646.2,6807.3
18.827,1447,8291.5
17.858,1756.1,15171
20.687,1398.1,12726
18.172,1593.1,10976
18.996,1479.1,10016
16.234,1614.7,4294.9
22.037,1321.1,13893
24.754,1272.4,19990
16.744,1838.2,13028
19.148,1590.2,14551
16.608,1741.6,9535.3
17.549,1720.2,12726
23.639,1345.8,20058
18.247,1601.3,11538
18.989,1462.6,9405.3
21.185,1540.9,20212
22.191,1345.8,15442
21.208,1471.9,17468
23.396,1324.5,18302
24.147,1423.4,25392
18.015,1633.2,11724
20.733,1410.3,13363
24.973,1324.6,23256
17.274,1526,5466.9
20.485,1429,13270
21.591,1343.1,13420
20.723,1448,14830
15.757,1648,3402.4
18.056,1462.3,6163.4
23.349,1408.2,22007
21.597,1337.8,13215
21.129,1667.6,25167
18.152,1623.9,11940
21.455,1407,15637
18.702,1672.5,15754
21.232,1591.5,22458
18.93,1408,7259
19.898,1484.9,13394
18.534,1448.4,7335
19.955,1698.8,21720
17.852,1552.6,8433.9
19.73,1347,7645.4
17.936,1542.8,8416.5
22.18,1545.4,24039
19.913,1598.5,17747
21.461,1243.3,8857.7
18.256,1624.5,12358
22.935,1527.1,25976
24.125,1147.7,12131
20.739,1356.6,11246
19.144,1796,21955
19.941,1405.6,10540
20.25,1413.1,11857
19.136,1566.9,13671
20.209,1326.7,8388.4
24.022,1575.8,32224
19.935,1511.9,14548
17.404,1497.9,5038.9
19.683,1602.6,17030
21.626,1262.4,10147
16.21,1714.6,7109.4
22.389,1324,15121
20.874,1660.2,23865
18.361,1664.3,14123
20.508,1371.5,11086
20.73,1547.2,18801
18.807,1688,16716
19.923,1398.3,10203
18.913,1756.2,19559
21.089,1441.9,15837
23.577,1277.3,16672
19.67,1337.6,7100.5
18.309,1469.2,7270.6
15.61,1719.8,4817.6
19.616,1576.6,15812
17.66,1338.8,771.77
18.964,1694.5,17575
19.244,1681.5,18228
23.718,1390.7,22412
22.794,1432.8,21253
20.122,1659.9,20898
20.565,1423.8,13335
18.086,1817.9,18193
23.225,1238.9,13853
19.957,1549.6,16061
19.686,1204.6,2185.6
19.166,1403,7863.1
22.668,1504.1,23990
16.819,1762.4,11042
19.581,1752.6,22203
16.402,1776.6,9720.7
21.051,1312.6,10460
23.157,1389,20491
19.773,1626.1,18255
20.054,1615.5,18935
17.921,1523.5,7725
23.71,1246.9,15650
19.617,1415.6,9832.5
19.084,1480.1,10361
18.121,1348.2,2552
18.49,1747,17485
22.247,1484.4,21635
24.425,1376.9,24075
20.211,1619.8,19698
20.687,1714,25264
21.542,1454.1,17895
18.532,1657.9,14577
22.283,1428.1,19315
19.309,1682.5,18524
19.931,1499.7,14074
22.258,1477.8,21388
21.673,1468.9,18968
20.543,1261.2,6861.6
17.966,1789.1,16716
21.821,1531.2,22121
23.093,1386.4,20163
21.418,1465.2,17925
18.289,1245.2,-415.14
20.941,1491.6,17331
21.416,1218.2,7687.1
16.613,1588.5,4955.1
19.974,1432.4,11668
18.643,1549.7,11243
20.964,1465.9,16380
19.709,1554.2,15321
23.02,1363.5,18887
20.645,1662.3,23051
19.087,1734.6,19506
19.289,1475.3,10907
18.493,1614.6,12928
21.077,1572.7,21109
17.652,1532.6,7047.8
22.886,1246.3,13190
18.012,1631.7,11661
17.31,1662.4,9921
23.625,1430.9,23986
17.958,1443.2,5186.3
23.972,1399.6,23671
19.711,1396.7,9441
20.211,1523.8,15996
21.1,1431.2,15438
19.302,1718.6,19809
17.453,1734,12774
17.076,1860.2,15158
22.148,1350.3,15502
21.405,1466.1,17917
22.463,1402.6,18800
20.947,1323.9,10596
22.343,1453.2,20614
20.494,1410.3,12563
18.961,1542.8,12162
22.491,1131.4,6974.5
23.237,1643.5,32393
18.932,1458,9042
20.54,1321.1,9208
22.399,1341.3,15908
18.5,1680.6,15234
19.096,1412.6,7975.8
20.748,1384.4,12383
21.57,1534.9,21363
15.887,1651.1,3998.3
18.745,1657.2,15387
18.486,1606.6,12628
20.559,1538,17812
19.382,1528.4,13174
20.489,1499.7,16056
18.388,1437.2,6451.1
15.156,1602.6,-148.27
22.279,1364.7,16544
21.14,1574.1,21397
22.315,1373.9,17061
19.956,1396.3,10237
21.296,1454.9,17080
21.163,1352.2,12426
25.145,1290.4,22073
18.707,1515.5,10277
22.215,1313.7,14129
21.114,1309.9,10549
19.639,1166,619.34
16.259,1539.7,2201
17.379,1785.7,14123
18.217,1517.3,8580.7
18.261,1454.4,6603.2
19.909,1524.3,14929
19.957,1500.9,14209
20.264,1360.4,9869
17.08,1797.7,13229
18.694,1645.5,14777
18.384,1527,9510.4
16.819,1836.8,13314
18.777,1466.5,8806.4
20.566,1480.2,15560
21.032,1467.6,16684
23.459,1477.6,25583
16.813,1709.3,9393.1
19.641,1460.6,11586
17.765,1682.6,12373
18.314,1512.4,8761.2
19.961,1438.8,11866
21.873,1439.9,18431
21.742,1400.7,16327
19.388,1442.8,10059
21.011,1644,23748
22.378,1411.1,18890
19.335,1730.1,20365
18.106,1494.1,7405.1
22.972,1204.8,11573
19.577,1597.2,16431
24.663,1302.7,21208
19.057,1475.2,10093
21.986,1340.5,14561
23.845,1220.3,14793
21.602,1454.5,18117
18.064,1630.6,11827
18.69,1291.2,2374.6
18.208,1620.6,12043
17.213,1595,7418.2
20.541,1446.5,14147
16.966,1713.1,10132
22.73,1638.5,30199
23.3,1389.9,20999
19.05,1725.6,19037
20.616,1331.6,9861.9
21.041,1427.6,15093
18.669,1777.3,19283
18.692,1637,14472
22.222,1683.4,30170
21.743,1425.2,17362
21.454,1352.4,13368
23.827,1183.2,12991
19.049,1620.5,15265
21.888,1388,16272
20.153,1189.4,2935.7
19.703,1544.9,14953
18.119,1701.6,14423
18.886,1620.8,14652
18.191,1620.5,11972
20.47,1392.8,11799
22.714,1219.4,11484
20.429,1578.9,18940
18.261,1632.8,12660
22.022,1311.8,13448
17.362,1575.2,7353.3
18.04,1459.8,6023.8
18.842,1495.4,10057
18.282,1585.6,11137
22.173,1479.8,21176
18.01,1623.3,11369
18.948,1477.2,9781.4
19.829,1647,19260
17.004,1576,6040.9
20.774,1291.9,8778.6
22.477,1645.2,29507
23.308,1385.7,20834
21.464,1368.2,14056
20.284,1564.3,17828
15.293,1628.9,1079.9
20.824,1318.9,10010
19.405,1609.9,16244
19.527,1536.5,14000
20.741,1370,11787
20.878,1510.9,17883
16.106,1783.8,8682.3
17.414,1451.9,3605.5
20.753,1527.3,18093
16.544,1344.6,-2589.2
20.502,1466,14777
20.564,1411.3,12838
22.178,1429.9,19036
18.041,1400.9,4055.7
18.428,1695.5,15459
18.296,1752.2,16857
18.555,1522.3,9967.4
22.571,1706.5,32582
17.406,1746.3,12977
19.285,1572.6,14430
17.795,1360.4,1910.6
17.151,1781.3,13020
20.242,1712.1,23387
20.124,1507.9,15073
16.806,1575.7,5291
22.531,1440.1,20680
21.218,1292.8,10169
20.188,1614.7,19415
20.671,1335.1,10175
20.564,1477.9,15464
18.319,1498.8,8317
20.485,1677.9,23029
20.134,1404.1,11123
16.729,1408.8,-56.5
22.986,1581.9,28633
21.215,1349.9,12499
20.331,1683.8,22646
20.004,1335.7,8089.6
20.575,1455.2,14609
22.44,1372.4,17404
18.908,1467.6,9301.2
19.748,1391.7,9379.1
21.579,1550.5,22050
19.557,1664.6,18851
21.476,1434.5,16853
17.423,1759.6,13475
19.28,1335.2,5778.5
21.078,1668.7,25011
19.932,1398.2,10226
20.758,1423.2,13961
22.921,1201,11256
18.475,1533.5,10066
19.998,1444.9,12223
18.145,1489.1,7374.2
22.16,1455.2,20068
21.094,1472.7,17107
22.366,1461.3,21045
20.788,1508.3,17459
23.04,1265.5,14512
21.095,1499.3,18187
16.914,1519.8,3974.3
20.285,1477.9,14488
23.135,1460.8,23680
22.711,1476.1,22900
22.042,1537.3,23186
19.951,1438.4,11817
22.413,1510.2,23347
18.805,1501.4,10134
21.905,1527.4,22266
19.494,1454.6,10857
22.086,1449.4,19566
22.823,1502.4,24467
17.574,1571.2,8014
18.433,1751,17386
21.682,1373.8,14996
24.623,1221.1,17084
19.62,1494,12754
19.635,1727.3,21491
19.29,1529,12860
18.97,1860.1,23501
22.188,1493.8,21835
19.552,1503.8,12880
17.812,1611,10207
20.274,1316.6,8203
17.527,1764.6,14070
21.102,1201.7,6109
18.174,1619.9,11889
20.732,1447.2,14830
18.413,1597.3,12031
21.905,1262.2,10969
20.829,1061.7,-268.87
21.42,1429.2,16440
17.743,1603.5,9697.8
18.403,1574.8,11221
18.934,1643.9,15660
18.674,1661,15241
21.904,1451.3,19020
18.082,1518.7,8145
21.305,1562,21515
18.486,1603,12502
17.594,1670.2,11288
20.051,1637.2,19750
18.4,1496.9,8541.5
20.749,1295.4,8838.4
18.187,1708.3,14926
23.008,1513.6,25628
21.163,1515.5,19092
22.501,1415.9,19515
22.755,1275.3,14098
17.442,1640.9,9753.8
16.484,1530.7,2753.8
19.527,1585.1,15793
19.427,1524.1,13179
22.741,1414.8,20269
18.076,1738.7,15493
20.665,1546.8,18544
19.442,1453.6,10641
18.491,1479.4,8259.8
23.121,1313.7,16947
15.144,1641.7,842.63
23.89,1226,15192
19.413,1524.7,13153
21.032,1415.4,14566
18.282,1844.4,19937
18.178,1611.7,11628
21.231,1654.2,25021
19.523,1810.1,24089
18.967,1596.2,14087
22.712,1486.5,23360
20.645,1436,14088
20.672,1564.1,19259
17.857,1587.8,9615.5
21.185,1334.6,11780
21.848,1237.6,9756.5
17.245,1652.8,9363.2
18.783,1449,8208.9
17.747,1417.9,3638.4
21.898,1246.1,10266
17.658,1696.1,12387
22.313,1593.3,26610
20.183,1314.4,7835.2
20.138,1386.7,10473
18.266,1395.5,4620.5
18.114,1684,13812
20.459,1610.7,20294
22.366,1435.5,19920
19.714,1468.9,12153
22.289,1393.7,17836
20.939,1399.8,13630
22.86,1517.9,25292
19.502,1420.6,9633.6
18.113,1378.5,3541.9
17.328,1500,4836.5
20.926,1504.7,17806
20.77,1356.6,11343
20.08,1497.1,14502
21.697,1538.6,21983
22.401,1467.2,21421
22.359,1275.2,12897
18.238,1676,14035
15.538,1740.9,5104.4
20.93,1544,19406
22.17,1386.8,17148
22.654,1495.5,23555
18.623,1569.6,11861
19.829,1561.1,16024
18.592,1193.4,-1322.1
19.075,1334,5088
17.644,1716,12976
20.016,1523.6,15285
19.717,1511.3,13745
18.677,1419.7,6827
16.94,1646.8,7981
17.576,1742.8,13568
19.708,1453.7,11561
18.749,1657.7,15422
20.286,1306.5,7847.4
17.923,1664.4,12402
21.138,1555.7,20640
20.208,1437.5,12659
20.441,1212.3,4643.3
16.681,1528.6,3405.1
17.576,1817.9,15994
20.151,1551.4,16839
20.968,1507.5,18070
19.342,1300.1,4693.1
18.3,1454.5,6743.7
23.306,1482.4,25267
20.861,1430.6,14605
23.081,1393.7,20453
22.131,1155.5,7044.6
21.054,1425.2,15041
22.07,1596.9,25848
19.344,1613.9,16160
19.169,1647.5,16703
21.575,1345,13447
20.891,1520.3,18311
18.728,1496.6,9692.5
20.673,1527.7,17819
22.52,1368,17469
22.897,1422.2,21127
19.16,1537.5,12702
21.76,1535.1,22064
17.133,1650.3,8845.2
24.488,1160,13717
20.682,1464.5,15346
18.822,1428.3,7614.8
19.3,1656.6,17546
21.394,1627.1,24541
19.496,1733.1,21134
21.778,1604.8,25077
22.814,1246,12964
18.793,1676.1,16243
22.579,1361.2,17360
20.326,1560.8,17851
19.453,1280.6,4318.9
19.809,1539.2,15125
20.598,1453.8,14631
19.238,1477,10789
20.079,1604.1,18594
18.195,1652,13054
23.194,1375,19972
22.246,1400,17971
20.422,1512,16299
21.432,1497.6,19315
21.318,1329.2,11974
17.045,1555.7,5562.4
20.34,1544.3,17259
21.381,1843.7,33441
17.93,1614.5,10772
19.866,1319,7022.1
19.162,1389.5,7366.1
18.651,1603.4,13142
19.3,1275.7,3673.3
19.866,1295.8,6148.1
17.232,1566.7,6599.7
19.271,1552.8,13657
20.161,1466.2,13602
18.228,1517.4,8625.3
17.465,1600.2,8538.9
20.798,1603.4,21298
22.042,1340.9,14757
18.55,1347.7,3902.8
19.086,1695.9,18116
18.251,1667.5,13800
22.642,1463,22074
19.197,1541.8,12991
21.057,1596.6,22007
20.965,1320.4,10510
21.648,1231.9,8930
20.237,1634.1,20350
18.242,1710.8,15232
22.237,1515.2,22935
18.238,1456.2,6586.8
21.634,1671.7,27337
22.388,1513.4,23397
20.194,1357.8,9539.9
20.481,1642.3,21615
18.994,1579.2,13585
19.784,1491.4,13239
20.786,1285.1,8541.2
17.646,1775.8,14929
19.787,1326.4,7054.6
18.283,1649.7,13320
18.603,1812.7,20239
17.262,1624.1,8520
18.688,1665.3,15447
20.551,1390.1,11959
18.002,1538.6,8519.1
20.336,1447.5,13481
20.415,1462.4,14333
21.811,1467,19367
20.096,1638.4,19970
19.857,1341.6,7847.7
18.788,1485.6,9517.9
19.188,1479.6,10708
19.858,1548.1,15640
20.608,1354.6,10743
21.061,1456.5,16333
19.092,1649.5,16475
18.803,1605.5,13793
16.342,1751.9,8740.3
21.518,1446.7,17499
23.149,1249.1,14094
17.734,1461.3,5014
15.915,1856,9925
17.932,1564.7,9130
17.201,1549.3,5935.2
17.436,1909.8,18329
23.772,1523.7,28844
20.232,1536.1,16550
17.381,1564.9,7092.7
20.834,1435.4,14706
20.393,1353.2,9999.3
14.674,1889.3,5318.3
20.641,1554.3,18757
20.466,1812.7,28234
20.262,1747.9,24850
20.054,1470.6,13399
20.917,1802.5,29759
21.327,1278,9895.6
19.552,1779.7,23086
19.97,1552.7,16225
22.92,1425.6,21354
21.136,1527.2,19471
21.559,1375.5,14669
22.869,1466.4,23012
26.139,1241,22514
21.279,1340.5,12317
21.998,1087.5,3775.8
22.661,1491.7,23417
20.132,1513.5,15314
17.576,1482.7,5160.2
16.998,1427.1,1409.2
22.249,1387.2,17423
22.33,1535.4,24150
15.346,1603.9,605.19
24.129,1327.3,20735
20.417,1524.4,16766
20.231,1509.6,15522
18.902,1495.6,10275
21.051,1327.3,11060
21.022,1401.4,13970
19.679,1550.5,15072
22.143,1627.3,27431
18.221,1362.4,3351.9
21.842,1445.7,18570
20.768,1663.7,23587
18.321,1497.8,8287.7
21.277,1234.7,7962.9
17.41,1602.2,8390.5
18.424,1614.4,12659
19.589,1474.9,11937
17.693,1237.5,-2424.3
23.707,1535.9,29180
19.517,1703.6,20132
20.985,1185.9,5136
21.734,1529.7,21742
21.019,1467.9,16649
19.503,1255.1,3531.5
22.626,1389.6,18771
16.557,1652,6646.9
19.286,1540.3,13260
20.662,1469,15453
19.165,1405.1,7940.3
19.962,1446.7,12170
20.058,1676.6,21281
21.575,1615.2,24741
21.323,1446.1,16808
22.333,1562,25321
16.621,1714.4,8771.4
16.877,1693.5,9170.1
22.815,1368.5,18448
21.543,1657.7,26390
21.615,1388.4,15392
20.479,1346.6,10018
22.55,1289.8,14118
19.212,1730.2,19862
23.106,1209.7,12176
20.154,1625.2,19690
21.6,1233,8837
17.062,1658.6,8825.6
20.175,1411.6,11551
20.481,1388.7,11675
20.968,1424,14699
17.58,1635.1,10101
21.753,1635.2,26263
19.847,1454.1,12054
19.212,1298.1,4223.2
19.944,1393.5,10089
20.72,1046.3,-1157.6
17.952,1566.5,9262.4
18.295,1399.4,4849.8
23.328,1191.8,11992
19.288,1323.2,5369.1
20.177,1474.6,13982
19.574,1600.2,16531
19.559,1796.1,23725
16.877,1651.7,7889
16.931,1642.4,7812
19.264,1336.5,5775.2
23.553,1197.8,12905
20.608,1461.6,14972
16.335,1692.7,6970
23.056,1519.6,26075
15.841,1518.3,71.542
19.224,1520.1,12298
19.954,1469.6,13013
21.346,1494.4,18880
25.393,1567.1,36898
21.992,1392.6,16813
20.324,1445.5,13365
20.825,1536,18701
15.87,1582,1979.8
20.936,1630.5,22910
20.077,1411.2,11207
16.975,1513.7,4006.2
18.378,1699,15380
16.525,1631.2,5899.8
18.523,1455.8,7553.8
23.034,1491.2,24711
19.624,1510,13366
19.591,1737.2,21676
16.281,1550.9,2605.7
20.273,1542.3,16935
20.317,1207.5,4099.7
19.304,1577.8,14690
21.715,1486.6,19856
20.987,1502.4,17932
17.822,1565.5,8747.6
20.52,1627.4,21184
19.869,1286.4,5799.4
19.626,1513.6,13508
17.136,1539.4,5388.9
20.263,1400.7,11419
22.981,1507.1,25239
21.653,1469.3,18916
21.347,1280,10038
18.312,1409,5231.4
19.151,1637.5,16271
17.123,1516.3,4617.9
20.309,1573.7,18287
17.155,1786.6,13203
20.505,1583.8,19413
21.439,1218.9,7782.7
19.741,1387.9,9210.5
23.392,1380.9,20886
19.275,1397.8,8041.3
19.244,1380.4,7304.4
19.354,1568.2,14526
21.506,1345.6,13250
19.064,1718.7,18847
22.311,1308.7,14208
17.221,1742.3,12085
21.026,1378.1,13036
21.523,1339.5,13051
23.796,1308.3,18796
18.098,1505.7,7765.1
19.35,1569.4,14558
19.45,1436.6,10045
17.791,1750.2,14696
14.561,1924.9,5711.5
18.459,1632.6,13419
17.526,1429.2,3261.2
20.439,1531,17101
17.898,1602.5,10254
20.211,1551.8,17077
24.497,1196.7,15530
19.388,1813.6,23640
20.242,1587.9,18588
21.304,1637.3,24611
21.696,1100.5,3544.1
22.171,1449.1,19841
21.531,1580.6,23127
18.83,1790.9,20442
20.983,1373.9,12729
20.794,1277.4,8259.4
15.255,1748.9,4149.3
19.415,1504.8,12425
18.001,1573.9,9689.9
18.862,1502.4,10371
19.444,1531.9,13526
17.388,1529,5975.5
21.62,1601.4,24335
19.073,1574.5,13709
19.014,1572.1,13402
18.964,1519.5,11344
21.599,1535.7,21504
19.992,1272.8,5655.9
23.202,1336.9,18256
19.726,1650.3,18981
17.17,1582.4,6861.1
23.73,1174.9,12333
25.704,1472.4,33169
25.519,1232.8,20274
22.518,1600.7,27706
21.608,1473.9,18951
17.074,1748.6,11676
16.995,1550.4,5214.8
19.677,1650.9,18810
19.864,1332.1,7507.2
19.815,1492,13371
21.625,1304.7,11914
15.66,1673.3,3730.8
18.983,1396.4,7024.4
24.641,1317.5,21861
21.126,1365.7,12860
19.939,1557.4,16290
20.437,1461.3,14368
17.125,1567.1,6213.1
21.504,1539.2,21305
22.529,1383.6,18186
22.819,1348.6,17570
16.354,1614.1,4735.5
22.129,1231,10297
15.257,1376.6,-5832.2
17.295,1691,10768
20.3,1752.4,25184
21.633,1313,12287
17.595,1435.3,3693.5
20.825,1493.7,17011
20.754,1484.7,16399
17.794,1596.8,9672.5
20.529,1538,17705
18.521,1630.8,13597
18.894,1365.1,5618.6
22.315,1510.7,23022
21.553,1666.4,26790
16.036,1675.8,5289.2
16.929,1522.9,4125.5
17.259,1817.9,14631
19.225,1613.1,15675
19.527,1591.6,16032
24.891,1267.6,20164
25.673,1194.5,18750
19.84,1449,11839
20.133,1659.1,20909
23.007,1552.6,27388
17.184,1675.6,9841
17.076,1559.9,5810.6
20.659,1404.3,12875
16.317,1564.2,3130.7
17.917,1612,10640
20.549,1297.1,8291
22.409,1427.5,19717
20.821,1653.2,23375
18.952,1140.8,-2175.4
20.488,1445.7,13931
21.216,1509.8,19049
19.166,1471.5,10337
18.129,1765.4,16610
17.464,1476.2,4559.8
18.186,1354.8,2982.2
20.812,1416.3,13866
19.654,1326.6,6641
20.242,1336,8853.6
17.748,1674.5,12041
22.7,1521.2,24864
19.213,1369.7,6817.7
18.515,1703,16067
19.175,1612.8,15473
20.056,1642.3,19965
17.812,1684.9,12639
19.705,1642.8,18619
14.91,1954.9,8079.6
20.193,1483.9,14394
21.336,1554.8,21335
20.956,1494.4,17500
18.629,1475.4,8600.9
17.055,1536.2,4990.4
25.31,1011.6,8459.2
21.812,1458.1,18991
18.448,1397.5,5290.6
18.967,1641.5,15700
19.504,1616.7,16871
19.895,1381.7,9482.5
20.732,1317.6,9670.4
21.719,1312.8,12546
24.006,1137.6,11326
19.769,1470.7,12408
17.748,1587.9,9208.9
19.268,1707.9,19283
17.859,1611.5,10406
17.556,1521.3,6336.3
21.216,1549.2,20664
18.141,1683.4,13903
20.132,1471.4,13700
18.356,1476.4,7680.3
23.213,1418.9,22038
23.091,1463.5,23652
20.51,1431.8,13461
20.97,1178.9,4814.7
21.417,1615.9,24166
20.625,1448.4,14511
18.386,1544,10102
18.48,1422,6240.2
21.574,1556.7,22289
22.427,1448.8,20706
19.444,1450.7,10545
22.067,1701.6,30336
21.459,1364.6,13888
18.597,1463.9,8090.9
20.755,1631.3,22243
20.249,1454.9,13470
17.902,1460.8,5578.5
17.8,1500.3,6522.4
22.041,1375.5,16240
22.035,1446.3,19259
20.282,1427.4,12519
19.723,1618.5,17779
22.684,1365.8,17901
18.69,1751.9,18483
21.589,1744,30182
22.2,1315.4,14155
18.209,1712.4,15152
23.486,1109.6,8628.8
19.696,1549,15078
20.755,1651.2,23037
19.999,1569.1,16956
20.392,1361.4,10317
16.941,1671.5,8747.2
19.552,1478.6,11946
22.964,1428.2,21621
18.826,1373.1,5681.5
19.333,1484.5,11397
18.887,1341.2,4748.3
12.89,1959.3,-1175.8
17.606,1713.7,12751
19.126,1442.8,9167.7
25.575,1202.9,18901
23.237,1478.1,24826
22.304,1246.7,11491
21.977,1402.8,17198
19.928,1515.8,14670
17.537,1405.1,2523.5
20.422,1461.6,14329
17.027,1638.6,8068.2
22.043,1249.6,10845
20.089,1476.1,13729
21.359,1639.3,24907
20.522,1426.6,13299
17.307,1458.5,3449.3
19.164,1585.8,14454
17.562,1634.4,10009
17.089,1545.1,5394.6
20.561,1498.7,16272
20.42,1566.5,18416
18.263,1591.9,11278
21.953,1772.8,32915
17.065,1647.8,8503.1
20.387,1619.2,20354
20.609,1681.7,23675
20.153,1455.5,13162
19.162,1242.6,2066
21.632,1457,18323
22.876,1667.4,32057
21.9,1169.9,7028.2
19.298,1451.4,10066
22.998,1552,27329
21.066,1328.5,11154
21.024,1466.4,16609
21.114,1507.6,18598
21.082,1470.7,16984
18.903,1639.7,15389
16.582,1606.8,5385.5
22.491,1422,19747
18.487,1295.9,1914.3
21.53,1682.2,27364
17.554,1849.9,16934
17.464,1604.6,8675
20.637,1471,15445
18.574,1701.9,16268
19.547,1415.2,9584.1
19.179,1360.2,6361.2
18.642,1583.5,12416
22.602,1691.5,32043
19.557,1285.5,4815.9
18.808,1586.8,13157
21.417,1550,21436
19.921,1593.8,17601
19.279,1454.5,10114
20.782,1460.3,15524
20.113,1505.1,14929
18.039,1383.6,3470.2
18.545,1620.7,13337
20.319,1361.1,10071
23.947,1285,18158
20.204,1553,17095
23.233,1055.2,5476.4
22.52,1529.2,24571
19.823,1585.7,16927
20.501,1394.9,11981
25.022,1450.1,29676
20.767,1536.2,18497
18.5,1423.1,6347.8
19.049,1610.9,14923
21.41,1334.1,12472
18.515,1520.6,9763.5
21.66,1346.3,13772
16.229,1670.8,5910.4
23.417,1126.8,9242.7
23.352,1280.5,16140
19.777,1450.7,11685
20.92,1538.5,19147
20.046,1574.9,17354
16.899,1709,9732.5
16.898,1619.5,6981.8
17.331,1437.1,2848.7
21.671,1451,18207
20.329,1368.4,10384
21.898,1517.8,21833
16.952,1821.8,13428
17.916,1726.6,14433
18.413,1695.2,15387
20.356,1497.8,15508
20.138,1705.1,22695
17.895,1529.9,7842.6
20.483,1544.5,17788
20.512,1392.2,11917
19.369,1756,21448
22.254,1327.2,14838
17.416,1463,3968.9
21.914,1613,25940
21.658,1262.5,10248
19.554,1449.5,10874
22.487,1245.2,11964
20.968,1495.3,17579
21.307,1465.7,17559
16.928,1674.2,8779.3
19.923,1547.2,15842
17.985,1623.9,11297
18.579,1540.8,10698
18.887,1601,13954
20.367,1398.1,11667
19.651,1431.5,10540
20.583,1636.5,21785
19.885,1494.8,13727
22.293,1339.4,15491
18.57,1556.6,11215
20.325,1560.2,17820
17.267,1372.1,581.47
20.789,1349.9,11139
18.833,1503.1,10293
22.959,1544.1,26827
18.21,1464.4,6765.7
17.279,1542.7,6016.3
19.125,1344.5,5623.9
18.188,1568.2,10196
14.147,1606.7,-3878.8
18.043,1618.7,11344
16.671,1524.5,3244.8
21.56,1286.7,10964
22.405,1301.3,14177
20.082,1438,12251
18.535,1493.7,8908.5
18.085,1476.3,6733.2
20.219,1580,18193
17.603,1588.9,8693.6
18.788,1680.6,16379
18.004,1726.5,14789
18.161,1801.8,17969
21.127,1374.6,13225
16.453,1525,2471.6
23.627,1505.3,27462
22.454,1476.7,22026
23.886,1424.4,24561
22.014,1435.4,18714
18.556,1508.9,9507.7
20.118,1633.1,19852
18.226,1748.6,16446
18.372,1494.3,8348.2
20.194,1536.9,16439
20.005,1786.5,25257
24.374,1419.1,25951
22.182,1317.2,14177
21.083,1289.9,9638.9
17.097,1596.3,7023.1
15.788,1591.7,1943.6
23.202,1417.9,21954
21.397,1541.8,21021
20.267,1464.8,13915
19.417,1324.8,5832.8
21.591,1613.3,24720
21.343,1596.5,23083
22.11,1583.6,25424
22.985,1334.3,17452
17.441,1657.9,10293
19.544,1516.9,13335
16.713,1341.5,-2148.7
21.183,1559.7,20971
20.856,1414.3,13936
17.368,1863.7,16557
20.508,1645.7,21859
16.387,1504.1,1617.4
17.148,1633.7,8385.1
20.256,1513.3,15752
19.572,1311,5806.1
21.021,1311.5,10328
25.504,1257.2,21472
21.511,1584.6,23222
18.907,1408.8,7210.4
23.111,1454.1,23298
22.597,1363.5,17518
18.682,1515.7,10195
17.148,1469.7,3248.9
19.809,1350.7,8033.2
18.653,1400.2,6061.6
21.64,1110.4,3812.1
19.109,1568.4,13625
19.189,1479.2,10695
16.565,1644.8,6462.4
15.685,1584.7,1359.1
18.205,1470.6,6957.6
20.94,1552.9,19801
20.097,1336.3,8402.6
20.884,1421.1,14301
21.39,1400.8,15162
20.365,1760.7,25777
18.422,1449.3,6983.6
19.127,1315.5,4585.6
17.681,1426.3,3690.3
17.447,1758.8,13548
22.093,1419.1,18286
20.452,1457.8,14284
18.435,1623.9,13026
15.774,1682.5,4437.9
17.068,1479.5,3275.3
21.27,1373.6,13646
23.618,1239.6,15036
21.636,1281.1,10962
17.869,1262.2,-1093.9
18.125,1641.4,12424
19.424,1261.5,3528.2
20.59,1386.7,11952
19.661,1228,2991.3
17.116,1562.2,6029.2
18.297,1543.8,9772.5
17.082,1589.5,6753
21.327,1303.8,10959
22.228,1324.9,14652
22.514,1480.6,22405
23.755,1363.1,21240
19.217,1703.6,18919
15.428,1628.4,1582.2
18.306,1494.2,8114.7
20.079,1592.9,18165
22.994,1614.3,30126
19.279,1435.9,9436.8
19.344,1405.8,8559.7
20.964,1642.6,23509
19.925,1573.4,16847
17.699,1858.7,17858
20.299,1552.5,17430
21.071,1340.8,11672
19.588,1407.7,9444.4
18.025,1610.1,10990
19.225,1580.2,14483
16.301,1750.9,8545
15.645,1908,10180
19.513,1495.5,12433
24.268,1374,23418
18.036,1426.1,4882.9
21.202,1366.1,13123
20.409,1621.3,20517
18.989,1528.9,11768
21.131,1366.7,12917
23.291,1463.9,24363
19.026,1717.8,18660
17.798,1673.7,12216
18.783,1677.9,16266
18.268,1473.5,7275.3
19.321,1397.3,8171.9
21.978,1686.2,29317
21.443,1628.2,24771
18.817,1562.2,12322
20.686,1561.4,19205
19.875,1618.5,18361
16.608,1708.8,8549.2
18.186,1350.8,2844.6
21.36,1392.8,14732
20.404,1429.3,13006
21.482,1378.6,14548
23.549,1494.1,26661
19.59,1606.7,16830
19.168,1313.3,4634.1
19.258,1657.3,17405
19.304,1562.2,14122
17.806,1699.7,13100
19.486,1458.2,10965
19.255,1473.9,10734
24.187,1294.1,19325
19.757,1421.7,10531
18.206,1458,6535.5
20.844,1505.7,17556
18.455,1407.7,5666.7
18.349,1571.8,10919
18.276,1504.3,8350.2
18.788,1572,12558
17.415,1785.3,14257
20.139,1614,19200
18.841,1634,14946
19.566,1688.4,19764
17.333,1747.1,12700
19.207,1446.5,9579.4
20.185,1422.8,12013
21.563,1555.2,22187
23.255,1274.3,15561
18.948,1557.8,12649
21.001,1578,21041
17.54,1566.3,7725.4
16.76,1361.5,-1391.9
19.148,1735.1,19776
19.006,1433.5,8421.5
23.12,1354.8,18812
21.145,1722.4,27466
18.047,1571.5,9783.5
22.23,1212.3,9780.6
19.072,1817,22403
20.73,1563.4,19448
17.564,1465.4,4557.2
22.891,1519,25453
18.133,1688.1,14024
21.041,1462.3,16500
19.63,1663.9,19114
15.965,1539,1106.8
25.536,1196.4,18458
18.596,1583.8,12252
21.112,1376.9,13269
20.945,1412.6,14161
18.72,1324.5,3634.6
22.252,1424.9,19071
20.46,1346.5,9953
23.096,1393.8,20505
17.75,1840.5,17484
19.618,1665.9,19138
21.037,1476.1,17045
19.601,1971.9,30430
20.289,1717.8,23798
22.036,1388.5,16780
20.25,1542.8,16872
22.699,1149.5,8331.6
18.371,1563.2,10702
19.901,1500,13976
19.076,1445.8,9103.2
16.547,1697.8,7974.1
19.181,1459.6,9962.4
22.146,1469.4,20632
20.304,1764.6,25672
20.015,1590.9,17849
16.149,1640.2,4706.7
18.384,1708.6,15729
16.207,1823.7,10269
19.272,1562.8,14025
19.848,1296.5,6115.1
17.676,1495,5911.1
23.591,1434.4,24028
21.416,1479.7,18519
22.714,1422.9,20542
20.856,1309.5,9733.9
19.605,1574.3,15687
22.452,1329.6,15563
19.248,1502.6,11751
17.186,1787.7,13364
21.653,1472.6,19050
19.942,1523.8,15027
20.502,1427.6,13272
16.22,1741.2,7923.6
21.834,1325.6,13449
22.084,1327.3,14305
20.179,1579.7,18032
18.545,1511.6,9563
20.691,1364.5,11401
24.625,1301.4,21025
19.92,1563.1,16432
22.397,1444.7,20423
24.132,1186.7,14013
16.923,1807.6,12870
24.881,1336.6,23560
17.471,1552.4,7025.5
20.71,1569.8,19625
16.946,1673.5,8830.3
20.676,1568.1,19432
20.466,1488.7,15542
21.054,1444.2,15808
22.677,1540,25614
18.547,1301.7,2302.1
21.583,1408.1,16113
18.804,1535.8,11341
19.853,1363.8,8668.4
19.241,1467.1,10437
15.696,1764.7,6419.1
18.14,1465.3,6554.1
18.37,1673.9,14487
20.071,1639.5,19916
20.005,1772,24704
15.394,1953.1,10272
20.022,1559,16657
20.117,1780.4,25498
17.65,1456.2,4558.8
22.222,1393.6,17610
20.839,1558.9,19670
18.337,1666.7,14112
15.645,1638.6,2703.5
19.231,1494,11378
19.298,1424.9,9101.1
22.076,1390.7,17007
19.928,1510.1,14457
18.279,1394.8,4642.4
19.039,1679.7,17347
18.372,1720,16073
22.621,1577,27050
21.718,1540.2,22127
19.388,1734.5,20739
20.845,1540.3,18947
17.135,1485.6,3701.8
22.508,1365.9,17337
21.082,1450.4,16157
13.72,1764.9,-1838.4
15.012,1544.8,-2212.6
17.745,1674.2,12018
19.799,1603.8,17518
20.734,1420.9,13789
18.72,1426.5,7206.4
20.224,1338.8,8905.7
20.412,1557.2,18027
20.466,1496.4,15841
19.934,1775,24519
14.035,2023.8,5677.9
22.346,1637.4,28655
19.187,1846.8,23976
22.051,1435.8,18862
18.348,1592.8,11627
20.815,1517,17905
21.494,1278.7,10428
18.972,1615.8,14804
20.088,1622.5,19333
18.163,1553.6,9608.5
18.044,1632.8,11823
19.903,1519,14704
22.942,1407.3,20606
21.366,1354.3,13164
21.227,1751.5,28991
20.486,1505.4,16268
18.99,1545.2,12354
19.752,1396.1,9554.4
23.358,1136,9506.7
22.612,1270.9,13470
18.263,1744.6,16463
19.592,1494.5,12678
18.987,1529.5,11783
20.551,1340.9,10023
20.382,1529.6,16839
18.291,1390.7,4539.8
16.831,1914.1,15729
18.589,1701.8,16322
19.808,1420,10642
20.536,1509.9,16624
19.366,1764.7,21758
20.38,1255.8,6163.2
23.46,1332.2,18856
21.523,1476.2,18746
17.654,1251.8,-2073.3
22.953,1419.9,21208
18.602,1335.4,3640.3
22.19,1401.8,17862
17.532,1624.4,9569.8
20.235,1758.2,25134
22.658,1286.2,14285
18.859,1355.9,5181
17.654,1596.4,9129.9
20.841,1426.7,14382
21.073,1460.9,16554
18.334,1607,12064
18.473,1624.5,13194
17.701,1441.3,4249.1
19.91,1678.4,20761
20.515,1415.2,12825
20.611,1705,24597
21.188,1414.5,15054
22.229,1253.8,11576
18.603,1516.2,9929.7
15.304,1905,8559.9
21.73,1536.3,22002
17.819,1447.2,4843
17.358,1623.9,8885.7
23.745,1332.1,19755
20.068,1602.5,18490
20.002,1411,10947
20.641,1309.6,9070.1
20.844,1506,17569
19.395,1519,12875
22.766,1679.8,32175
21.949,1576.8,24531
22.939,1436.9,21931
17.901,1640.5,11524
24.02,1320,20045
18.551,1656.9,14616
16.315,1513,1619.8
14.197,1839.1,1963.3
18.413,1607.3,12372
21.126,1458.3,16629
19.009,1677.4,17145
22.002,1374.5,16067
18.098,1600.4,10944
19.634,1601.7,16813
15.606,1780.6,6483.4
19.238,1145,-1253.6
20.227,1412.5,11756
20.802,1531.6,18440
13.947,1980.3,4227
23.527,1282.7,16769
22.397,1305.9,14355
22.475,1590.1,27079
17.812,1459.2,5217.6
20.182,1326.8,8308.5
22.299,1406.2,18414
17.836,1538.7,7919.8
23.348,1262.6,15305
15.572,1638,2405.3
22.536,1264.3,12951
18.588,1547.3,10958
25.321,1325.7,24399
20.405,1587.1,19171
24.073,1318.5,20136
18.261,1593.6,11329
19.574,1726.2,21198
21.114,1328.8,11316
20.589,1542.4,18095
22.106,1253.2,11184
17.425,1713.1,11995
23.092,1238.1,13425
17.528,1606.5,8978
17.301,1574.2,7091.9
18.722,1688.8,16404
20.55,1544.6,18039
23.013,1304.3,16190
21.369,1382.1,14324
21.992,1253.7,10869
17.687,1587.5,8963.2
21.171,1455.6,16676
20.037,1191.5,2691.4
19.831,1575,16554
22.715,1152.2,8499.3
19.837,1530.9,14914
20.15,1529.7,16004
21.667,1582.2,23703
22.548,1316,15265
23.177,1340.7,18356
19.691,1617.4,17613
22.407,1216,10451
17.105,1560.6,5938.6
20.893,1577,20597
18.052,1369.3,3038.8
17.521,1575.9,7966
21.443,1297.7,11064
18.51,1485.2,8526.6
22.282,1506.3,22709
22.142,1480.8,21113
19.073,1633.1,15811
19.027,1783.4,21009
21.681,1629.7,25753
20.303,1592.5,18994
20.699,1228.7,6036.4
20.952,1463.7,16249
18.702,1620.8,13945
15.626,1638.4,2625.8
20.414,1326,9007.4
17.215,1662.3,9543.6
21.653,1374,14912
21.349,1483.5,18441
18.295,1576,10862
16.533,1666.3,6975.9
18.609,1371.3,4912.3
17.735,1588.4,9172.6
19.714,1633.8,18314
22.931,1747.9,35897
24.041,1146.8,11859
19.943,1710.9,22129
16.027,1750.3,7390.8
19.395,1486.8,11696
22.543,1505.8,23617
23.814,1370.3,21767
21.098,1374.7,13133
23.214,1538.7,27514
21.095,1341.7,11783
18.594,1518.9,9992.9
20.279,1623.5,20100
18.725,1427.7,7265.6
24.776,1350.4,23907
21.063,1648.1,24117
18.484,1607.4,12644
23.671,1387.8,22124
21.075,1623.1,23148
22.138,1500.8,21958
22.591,1487.2,22967
20.969,1812.3,30378
17.461,1472.4,4424.4
15.775,1721.7,5541.6
17.061,1569,6036
18.316,1455.2,6819.3
19.274,1585.1,14845
20.95,1446.6,15549
20.07,1650.6,20337
19.036,1565.7,13257
21.482,1571.2,22555
22.475,1390.5,18310
17.449,1724.5,12456
18.365,1464.8,7318.4
20.154,1365.3,9701
18.083,1518.1,8125.1
18.431,1494,8551.2
20.969,1619.6,22599
21.744,1292.1,11752
21.374,1343.1,12729
22.353,1401,18368
18.084,1738.5,15519
17.153,1343.6,-685.88
19.59,1504.9,13053
16.303,1616.6,4615.2
19.201,1877.1,25134
16.879,1649.6,7832.3
18.462,1800.8,19222
24.174,1377.5,23285
19.84,1469.4,12610
17.071,1739.2,11369
19.163,1484.4,10795
19.327,1483.8,11347
21.232,1610.7,23244
15.849,1777.1,7406.2
21.805,1540.6,22460
22.136,1779.6,33978
18.885,1571.8,12914
19.386,1445.8,10164
22.199,1461.2,20463
19.868,1500.6,13885
20.098,1630.8,19686
20.662,1388.2,12247
18.283,1446.5,6412
21.165,1398.2,14312
19.759,1245.4,3926.6
18.989,1634.1,15520
19.688,1693.4,20439
21.072,1719.5,27051
22.08,1201.4,8881.1
14.555,1637.2,-1560.2
22.641,1681.6,31760
23.392,1344.1,19189
18.501,1657.3,14433
18.48,1542.5,10396
17.779,1504.7,6596.3
15.214,1668.7,1838.7
20.509,1469.6,14945
21.056,1200.4,5925.1
20.417,1583.3,19067
19.893,1584.6,17149
22.966,1537,26534
17.871,1443.1,4887
18.394,1583.9,11500
20.26,1555.8,17412
17.441,1646.3,9921.8
18.862,1632,14956
23.014,1415.6,21221
19.486,1852,25476
19.681,1494.7,12996
22.832,1550,26625
18.009,1525.1,8091.7
24.118,1486.1,28291
18.759,1647.3,15097
17.106,1755.2,12012
20.328,1492.3,15193
17.449,1552.8,6957.4
18.502,1752,17709
21.566,1351.8,13701
21.405,1432.5,16525
20.057,1703.6,22312
19.954,1327.9,7633.9
18.74,1617.7,13984
17.259,1628,8635.6
20.954,1378.6,12821
18.908,1479,9706.2
17.599,1571.7,8119.6
22.717,1418.8,20371
24.331,1101.9,10476
16.398,1652.3,6032.6
21.16,1710.5,27040
18.101,1499.1,7554.9
21.074,1356.1,12302
19.579,1515.2,13399
19.749,1413.2,10184
22.378,1479.2,21870
19.868,1522,14692
20.923,1585.7,21056
18.949,1510.7,10976
20.916,1462,16055
20.669,1108.3,1172.1
19.204,1417.4,8512
24.061,1326.2,20468
17.815,1444.6,4745.6
17.033,1695.7,9863.9
18.326,1530.1,9410.6
22.21,1279,12609
19.092,1622.7,15511
20.16,1506.8,15158
24.489,1468.7,28753
16.825,1417.7,538.51
21.515,1559.6,22195
21.093,1499.7,18200
19.146,1539.2,12709
23.055,1247.2,13728
21.846,1520,21733
17.602,1373.2,1704.3
20.244,1506.9,15463
19.467,1681.1,19101
19.754,1544.4,15117
22.148,1593.1,25974
22.624,1318,15594
18.128,1891.2,20836
20.964,1476.2,16794
18.696,1529.7,10737
19.956,1478.3,13349
17.896,1608.3,10441
15.951,1561,1684.1
23.498,1340.4,19356
22.428,1577.5,26350
24.05,1416.7,24747
19.692,1554.4,15269
21.214,1302.9,10570
15.979,1571.9,2095.9
18.647,1376.6,5219.7
22.319,1245.7,11492
20.408,1351.2,9973.9
18.635,1598.4,12909
22.375,1339.4,15749
19.683,1411.7,9907.1
18.793,1605.8,13766
20.756,1393.3,12762
18.644,1604.6,13160
23.085,1404.7,20965
18.717,1432.1,7393.4
21.189,1519.1,19331
19.212,1437,9249
24.554,1200.1,15853
21.449,1620.5,24476
17.829,1640.1,11228
17.643,1533.7,7052.1
22.878,1566.6,27543
19.457,1378.2,7920.6
19.219,1592.1,14889
21.222,1344.9,12314
22.016,1138.5,6004.3
20.461,1323.4,9052.1
19.562,1307.8,5657
17.713,1785.5,15528
21.617,1353.9,13954
20.011,1460.1,12847
20.217,1669.9,21658
21.882,1550.9,23177
22.341,1006.5,1125.8
20.45,1509.7,16309
20.011,1444.7,12262
22.727,1311.8,15637
20.748,1796.1,28782
18.373,1294.8,1527.9
23.339,1305.6,17253
16.433,1711.7,7930.1
19.033,1401.3,7360.9
20.527,1391.5,11936
19.99,1433.3,11757
17.439,1591.8,8169.4
20.711,1536.3,18297
19.067,1515,11555
20.608,1543.8,18218
20.303,1606.4,19534
15.51,1774,5898.2
20.748,1664.6,23547
22.47,1618.8,28321
18.925,1495.2,10340
19.678,1271.3,4654.9
19.83,1683.1,20619
17.589,1530.8,6763.8
19.254,1558.1,13788
17.793,1364.5,2038.9
24.349,1407.2,25293
19.913,1500.4,14035
23.993,1483.9,27750
19.558,1425.6,10005
19.74,1438.5,11102
18.358,1503.8,8624.8
19.084,1630.9,15777
17.898,1597.2,10081
22.233,1447.4,19978
18.19,1492.6,7648.3
23.359,1512.8,26847
21.398,1555.2,21578
21.658,1380.1,15186
21.612,1417.6,16607
20.643,1462.8,15140
18.965,1276.2,2683.5
20.878,1706.7,25746
19.019,1554.5,12790
18.968,1692.6,17522
20.935,1479.9,16842
17.664,1252.7,-2014.1
19.344,1660.8,17873
20.842,1474.9,16316
15.673,1896.7,9993.5
20.827,1734.1,26639
20.686,1371.7,11677
21.759,1190.8,7521.7
22.496,1487,22624
19.706,1658.1,19194
19.452,1555.6,14427
21.133,1510.9,18801
23.182,1578.9,29231
19.504,1459.7,11079
19.365,1485.7,11552
19.955,1518.1,14854
24.365,1254.6,17958
19.401,1619.2,16571
18.252,1483.7,7566.5
20.582,1358.2,10802
19.716,1257.1,4236.6
18.218,1599.6,11369
17.445,1553.4,6964.3
16.728,1710.4,9085.4
19.312,1617,16145
22.431,1488,22439
17.985,1566.9,9396.9
19.633,1734.4,21744
19.898,1336.9,7794.9
22.134,1738.5,32195
18.57,1440.1,7171.8
20.379,1592.8,19291
21.329,1590.4,22774
19.692,1504.4,13400
16.301,1694.1,6879.6
19.184,1395.7,7662.4
22.893,1344.6,17627
22.816,1555.2,26805
22.272,1403.2,18198
20.268,1297.1,7425.8
18.602,1509.5,9694.1
20.306,1490.9,15062
20.385,1598.8,19550
21.504,1336.9,12883
19.564,1497.5,12685
22.453,1237.9,11543
21.865,1403.3,16846
18.101,1713.6,14752
22.722,1244.4,12622
19.686,1488.3,12774
20.765,1563.9,19595
20.882,1512.2,17953
16.201,1744.3,7937.7
19.136,1519.2,11954
23.213,1220.8,12989
23.826,1332.9,20049
22.679,1380.9,18554
22.708,1818.6,38122
23.777,1100.2,8953
24.012,1506.2,28876
22.222,1562.4,24929
20.223,1522.4,15985
22.971,1382.1,19563
20.484,1322.2,9078
21.818,1295.9,12140
22.629,1330.2,16147
18.255,1570.3,10517
19.897,1309.3,6749
19.97,1499.6,14205
19.329,1418.1,8959.4
24.677,1416.3,26830
18.186,1590.3,10932
19.818,1485.1,13124
22.186,1482.4,21332
21.33,1457.3,17293
23.554,1337.7,19412
23.992,1453.7,26308
20.302,1428.8,12642
21.563,1462.7,18324
18.3,1686.6,14641
21.39,1436.9,16657
18.11,1642.1,12388
20.65,1635.9,22023
20.584,1337.1,9977
19.855,1589.7,17198
23.116,1369,19445
19.482,1368.6,7648.4
21.375,1590.6,22959
18.066,1604.9,10972
19.531,1672.9,19051
16.619,1779.3,10715
18.673,1545.1,11190
18.817,1314.2,3575.6
19.007,1565.8,13153
21.942,1381.8,16183
20.307,1687.2,22684
21.79,1505.1,20901
21.032,1503.4,18134
20.953,1628.3,22890
19.285,1565.7,14180
21.758,1357.5,14556
21.152,1441.1,16018
18.317,1572.1,10806
22.346,1245.3,11550
19.741,1495.9,13256
20.394,1581.1,18895
18.775,1558.5,12034
19.496,1683,19286
18.857,1543.7,11812
20.771,1331.7,10354
20.441,1562.8,18351
23.503,1283.5,16736
15.805,1721.3,5653.1
17.625,1647.2,10667
16.107,1607.9,3611.3
22.239,1403.1,18083
19.38,1499.8,12120
20.094,1398.1,10759
22.418,1529.9,24226
21.191,1471,17377
18.445,1339.5,3285.9
20.831,1541.5,18941
19.521,1620.9,17093
20.231,1562.1,17549
18.614,1592.6,12629
22.222,1524,23265
18.122,1602.1,11092
18.598,1609.5,13155
20.425,1395.7,11764
19.184,1417.6,8455.5
21.019,1630.2,23221
19.496,1388.9,8445.1
20.212,1337.9,8831
25.129,1307.7,22892
16.999,1633.5,7801.3
18.397,1511.7,9035
24.696,1257.4,19080
17.28,1451.5,3130.5
18.922,1625.6,14961
19.549,1431.9,10208
19.688,1376,8592.6
21.584,1340.6,13292
18.456,1777.4,18392
19.97,1482.6,13562
22.862,1467.4,23036
20.837,1235,6688.2
20.194,1639.4,20391
20.815,1414,13785
20.315,1509.6,15820
16.554,1590.8,4803.2
18.077,1513.3,7945.4
24.268,1426,25923
16.371,1738.8,8477.5
17.598,1731.9,13306
19.266,1603,15464
19.574,1791.2,23610
21.622,1586.2,23704
17.39,1681.7,10850
20.346,1461.2,14049
22.67,1370.7,18075
17.804,1515.9,7051.2
23.035,1302.7,16183
20.119,1511.1,15177
19.958,1533.8,15462
19.252,1768.5,21419
21.692,1314.1,12519
23.438,1380.6,21026
19.91,1422.4,11073
19.24,1589.9,14893
23.54,1537.1,28631
26.824,1052.7,14315
19.352,1673.7,18374
13.418,1777.4,-2814.7
20.441,1574.3,18800
18.143,1443.7,5836.7
18.625,1681.1,15747
23.372,1281,16222
20.032,1387,10135
19.029,1434.8,8549.3
17.733,1411.4,3377
19.383,1610.1,16169
20.195,1288.6,6876.8
19.454,1643,17649
19.417,1526.2,13221
23.364,1481.8,25443
16.629,1390,-955.75
18.883,1491.4,10054
20.535,1545.8,18030
19.898,1500.8,13998
19.618,1247.5,3586.9
18.114,1626.5,11880
19.633,1550.5,14903
18.795,1481.7,9407.5
18.838,1440.1,8085.6
18.745,1469.8,8811.5
23.749,1308.5,18655
24.529,1277.3,19550
21.601,1793.9,32321
25.923,1171.5,18256
16.719,1533.6,3692.8
21.291,1542.9,20680
18.403,1600,12084
21.408,1483.6,18653
16.544,1603.4,5143.9
22.843,1430.4,21312
20.928,1339.2,11152
20.142,1693.2,22253
22.54,1298.4,14465
19.604,1485.1,12368
19.988,1313.2,7178.9
17.581,1634.4,10082
19.069,1336.6,5163.7
20.818,1368.1,11961
18.602,1412.9,6338
23.188,1314.4,17189
22.089,1527.4,22929
19.511,1466,11338
19.388,1547.2,13885
21.79,1441.1,18199
19.429,1547.9,14062
20.015,1655.9,20323
20.617,1911.7,32796
25.61,1390.5,28633
21.16,1352.6,12433
18.573,1525.8,10156
20.15,1444.5,12729
20.962,1331.8,10962
21.834,1401.3,16658
20.671,1523.6,17650
19.47,1686.5,19313
18.539,1579.5,11893
22.533,1386.1,18306
21.822,1324,13343
22.879,1147.4,8730.9
19.88,1449,11977
21.906,1317.5,13327
19.496,1585.4,15687
23.249,1451,23629
23.642,1332,19421
16.037,1799.1,8829.3
19.357,1474.4,11107
21.037,1456.5,16251
17.431,1572.5,7521.9
17.989,1398.2,3793.4
16.915,1706.6,9724.4
22.807,1074.6,5280.9
19.056,1350.9,5634
17.51,1688.1,11537
16.484,1581.3,4258.7
22.677,1269.9,13623
19.266,1521.4,12502
22.087,1383.4,16729
21.881,1385.5,16143
20.492,1552.6,18143
19.936,1171,1626
22.222,1420.8,18788
18.889,1635.6,15187
16.28,1665,5943.5
16.9,1692.6,9235.8
22.068,1329.1,14334
20.513,1431.9,13476
21.797,1148.4,5834.1
22.655,1276.9,13864
16.671,1636.5,6622.8
17.925,1662.5,12346
20.106,1541,16278
21.105,1449.3,16194
15.899,1630.4,3458.3
22.016,1380.2,16358
17.58,1406.4,2707.1
19.607,1686,19842
20.349,1607.9,19764
21.069,1519.1,18900
17.06,1616.4,7504.3
19.578,1662,18835
21.525,1356.3,13757
17.308,1597.4,7851.6
20.849,1602.8,21466
19.021,1300,3703.6
23.12,1513.1,26008
20.688,1326.9,9903.7
19.169,1540.6,12843
18.559,1631.5,13766
19.849,1475.4,12868
17.246,1882,16595
17.228,1661.4,9566.9
19.464,1449.2,10556
20.714,1675.2,23831
19.329,1461.6,10544
18.296,1538.6,9589.6
19.196,1339,5651.4
21.131,1315.2,10815
19.897,1795.3,25130
21.895,1455.1,19152
20.644,1230.4,5940
19.718,1530.2,14458
21.285,1218.8,7336.4
23.229,1406.2,21514
18.75,1656.7,15391
20.976,1486.2,17239
19.478,1588.4,15730
18.857,1303.6,3325.5
21.242,1355.4,12813
20.53,1388.4,11823
19.299,1191.4,602.74
18.143,1633.6,12230
19.777,1335.1,7349.8
17.258,1799.4,14039
21.607,1570,22968
20.89,1260.7,7879.4
18.114,1783.3,17148
18.622,1555.1,11349
20.977,1507.5,18106
23.371,1321.8,18100
20.164,1420.5,11856
20.84,1628.4,22457
21.892,1544.5,22942
22.616,1494.4,23376
18.95,1411.2,7436.9
20.483,1675.2,22916
17.204,1553.6,6083.6
19.977,1408.5,10769
18.194,1499.3,7890
16.743,1211.5,-5998.7
17.571,1722.2,12880
20.935,1692.2,25393
24.457,1466,28511
18.25,1462.4,6837.6
18.189,1657,13199
18.583,1716.9,16825
23.735,1499.2,27560
21.014,1561.4,20417
19.824,1531.6,14894
19.151,1313.7,4596.8
26.335,1480.3,35788
19.25,1702.7,19021
17.731,1585.4,9062.2
15.901,1579.5,2022.6
17.95,1606.6,10588
24.578,1393.1,25366
24.856,1205.4,16974
16.548,1593.6,4863
21.626,1484.2,19446
20.366,1539,17151
23.5,1186.8,12241
20.453,1465.6,14594
19.68,1320,6476.2
21.113,1592.8,22061
20.028,1391.6,10297
24.013,1415.6,24570
20.727,1312.8,9462
18.937,1405.4,7191
23.969,1505.2,28677
19.778,1513.9,14061
21.624,1474.4,19024
22.04,1496,21404
15.636,1873,9170
19.23,1606.9,15471
20.801,1490.3,16788
16.19,1584.2,3240.7
19.525,1539.8,14110
16.691,1428.2,405.97
23.742,1228.9,14901
22.078,1292.8,12804
23.047,1334.4,17655
16.356,1797.7,10148
19.691,1296.2,5623.9
21.644,1524,21178
18.283,1478.6,7503
20.017,1588.1,17748
18.703,1516.6,10305
18.405,1579.3,11383
18.365,1349.4,3371.5
17.072,1451.2,2407.5
24.346,1469.1,28276
19.877,1599.5,17652
16.434,1575.7,3904.5
22.892,1374.3,18957
16.231,1639.4,5000.7
20.558,1535.8,17719
19.64,1421.3,10123
20.471,1568.6,18687
18.977,1526.4,11639
18.367,1505.6,8718
19.066,1569.7,13509
21.61,1532.6,21417
21.154,1316.3,10937
17.866,1564.8,8886.9
20.028,1430.2,11766
17.5,1570.7,7721.1
23.292,1273.1,15617
17.125,1651.2,8844.2
15.243,1935.1,9093.8
20.674,1472.4,15629
19.007,1756.5,19965
20.469,1231,5453.9
16.831,1312.8,-2648.4
19.622,1423.8,10153
19.07,1389.7,7069.9
19.373,1834.6,24343
18.801,1698.1,17048
22.004,1490.8,21055
19.138,1468,10115
18.454,1386.6,4935.4
16.376,1795.1,10155
18.899,1545.2,12022
20.861,1666.5,24068
18.789,1533.1,11194
19.049,1540.8,12414
21.64,1766.9,31354
18.416,1519.3,9362.7
21.826,1344.7,14231
21.222,1527.2,19785
19.095,1260.4,2504.9
18.245,1471.5,7129.3
19.989,1340.6,8224.7
23.692,1313.2,18702
16.916,1746.5,10956
22.075,1304.8,13310
16.094,1629.6,4188.2
19.368,1740.8,20892
22.093,1406.4,17736
20.463,1257.8,6487.6
17.687,1781.2,15277
17.617,1733.5,13435
22.254,1505.2,22561
19.422,1496.7,12155
24.209,1255.8,17552
20.011,1547.7,16185
23.81,1216.4,14511
21.996,1522.7,22390
17.76,1651.5,11337
22.374,1212.6,10206
19.767,1692.4,20721
24.953,1409.7,27427
19.56,1434,10322
19.808,1306.2,6357.1
22.963,1463.2,23195
17.257,1643.1,9101.9
23.991,1106.2,9795.1
22.58,1400.9,19115
22.107,1306.1,13467
21.472,1151.6,5080.3
18.359,1403.3,5194.1
18.837,1612.4,14170
19.271,1357,6542.6
20.798,1640.4,22775
17.325,1707.2,11403
19.464,1436.1,10073
19.718,1700.8,20839
20.11,1561.3,17071
20.36,1462.6,14151
18.575,1513.6,9736.1
23.228,1157.7,10152
19.556,1437,10423
19.284,1478.2,10992
17.865,1387.2,3022.2
18.221,1531.4,9070.8
25.939,1040.4,11467
17.877,1595.9,9954.6
20.682,1402.1,12867
23.114,1477.9,24388
19.853,1534.5,15108
20.426,1379.4,11131
21.39,1657.5,25782
21.6,1491.5,19661
23.311,1138.3,9488.1
19.39,1551.8,14058
19.3,1301,4598.1
21.864,1381.5,15920
18.985,1623.1,15115
19.415,1678.9,18812
20.561,1578.2,19403
18.891,1666.1,16276
20.352,1426.8,12735
20.886,1477.1,16559
15.82,1697.6,5046.8
23.099,1237.7,13428
15.969,1527.6,795.14
19.462,1592.8,15834
18.967,1751.2,19607
15.259,1493.4,-2687.7
21.716,1438.7,17845
22.362,1452.6,20647
19.381,1591.2,15470
21.077,1694.9,26071
19.684,1681.9,19996
18.403,1557.9,10640
18.669,1586.2,12613
18.668,1459,8166.5
20.723,1615.3,21484
19.12,1720.5,19137
22.669,1403.6,19533
23.895,1570.2,31484
19.166,1625.6,15902
18.741,1660.1,15474
20.57,1326,9496.3
22.647,1397.3,19178
21.883,1461.9,19400
20.268,1536.4,16688
18.869,1532.9,11476
19.869,1512.6,14338
19.4,1376.7,7680.4
19.086,1650.5,16485
21.757,1223.3,8884.7
17.343,1667.1,10198
22.116,1440.6,19287
19.957,1478.3,13352
20.316,1612.2,19806
22.541,1387.2,18380
21.822,1308.6,12689
19.841,1417.1,10640
22.964,1367,18866
20.266,1663,21582
16.76,1663.8,7800.4
16.415,1812.3,10831
20.425,1553.4,17928
22.448,1197.1,9741.3
22.699,1094.2,5874
26.218,1149.4,17910
18.026,1712.9,14428
20.568,1638.9,21824
23.564,1282.7,16884
15.221,1709.4,2951.9
23,1278.2,14966
20.749,1648.8,22916
20.687,1535.4,18174
17.287,1686.7,10599
20.856,1527.5,18471
20.455,1314.4,8681.3
19.598,1681.6,19639
22.591,1230.3,11616
19.18,1559.8,13575
23.084,1430.5,22130
20.376,1415.1,12356
22.828,1529,25676
18.735,1733.4,18020
19.348,1660.1,17859
20.836,1490.8,16930
19.897,1395.1,9994.7
20.015,1610.9,18609
24.896,1345.3,24037
17.536,1544.7,7017.9
21.64,1523.1,21122
21.863,1698.5,29378
19.084,1481.7,10419
17.336,1585.9,7592.7
21.944,1415.5,17633
18.259,1744.7,16453
21.973,1414.1,17664
21.22,1458.4,16960
21.637,1268.3,10429
18.957,1437.2,8389
20.967,1467.8,16465
23.9,1312.5,19315
21.013,1310.4,10256
18.664,1432.8,7238
18.111,1621,11682
19.267,1463.1,10385
20.902,1471.1,16373
16.533,1691.1,7717.9
18.634,1485.5,8972.1
19.641,1615.5,17353
20.83,1400.7,13302
18.738,1535.9,11104
17.278,1579.4,7170.4
19.091,1583.8,14110
22.952,1568.6,27907
17.305,1737.3,12276
20.285,1384.1,10852
19.46,1371.2,7674
20.907,1505.2,17760
18.206,1588.6,10952
22.238,1532.6,23691
21.828,1430.4,17874
19.452,1739.1,21176
20.308,1741.7,24803
20.393,1583.2,18970
21.249,1351.7,12682
16.706,1684.9,8226.8
17.817,1646.5,11392
14.248,1490.6,-6333.8
21.939,1584.5,24824
23.184,1153.4,9830.5
19.187,1709.9,19028
18.853,1391.1,6405.4
20.007,1581.4,17452
18.573,1837.7,20973
20.401,1808.8,27802
19.786,1495.3,13393
17.919,1517.8,7527.7
18.753,1613.6,13888
15.793,1779.1,7226.6
20.209,1651.1,20898
21.474,1649.7,25787
21.001,1286.3,9241
19.332,1570.2,14517
22.343,1385.7,17666
17.817,1568.2,8820.5
21.614,1219.7,8323
21.918,1547.4,23160
18.106,1412.9,4674.8
17.745,1551.8,8015.4
17.818,1531,7596.6
19.628,1541.9,14564
21.316,1433.7,16275
15.538,1766.9,5820.9
14.287,1735.8,-177.48
19.489,1395.4,8659.3
17.589,1568.5,7980.8
19.516,1523.8,13491
21.679,1340.6,13591
21.001,1316.7,10472
23.902,1594.1,32645
17.669,1656.9,11156
